TEXT|ENTITIES|TAGS
She has excellent data visualization skills.|{'entities': [[23, 36, 'AI-TASKS']]}|['visualization']
His data mining expertise is impressive.|{'entities': [[4, 15, 'AI-TASKS']]}|['data mining']
I am impressed by her data modeling abilities.|{'entities': [[22, 35, 'SKILL']]}|['data modeling']
He has a strong background in statistical analysis.|{'entities': [[30, 50, 'AI-TASKS']]}|['statistical analysis']
She is skilled in regression analysis.|{'entities': [[18, 37, 'AI-TASKS']]}|['regression analysis']
His expertise lies in machine learning algorithms.|{'entities': [[22, 38, 'AI-TASKS'], [39, 49, 'AI-TASKS']]}|['machine learning', 'algorithms']
I have observed her exceptional data cleaning abilities.|{'entities': [[32, 45, 'AI-TASKS']]}|['data cleaning']
He is proficient in data transformation techniques.|{'entities': [[20, 50, 'AI-TASKS']]}|['data transformation techniques']
She is well-versed in data clustering methods.|{'entities': [[27, 37, 'SKILL']]}|['clustering']
His data querying skills are top-notch.|{'entities': [[4, 17, 'AI-TASKS']]}|['data querying']
She possesses advanced knowledge in time series forecasting.|{'entities': [[36, 59, 'AI-TASKS']]}|['time series forecasting']
I am impressed by his data warehousing skills.|{'entities': [[22, 38, 'SKILL']]}|['data warehousing']
She has a deep understanding of natural language processing techniques.|{'entities': [[32, 59, 'AI-TASKS']]}|['natural language processing']
His data blending capabilities are noteworthy.|{'entities': [[4, 17, 'AI-TASKS']]}|['data blending']
She has a knack for data storytelling.|{'entities': [[20, 37, 'AI-TASKS']]}|['data storytelling']
He excels in data-driven decision making.|{'entities': [[13, 40, 'SKILL']]}|['data-driven decision making']
She is skilled in sentiment analysis.|{'entities': [[18, 36, 'AI-TASKS']]}|['sentiment analysis']
His predictive modeling skills are outstanding.|{'entities': [[15, 23, 'AI-TASKS']]}|['modeling']
She is proficient in big data analytics.|{'entities': [[21, 29, 'AI-TASKS']]}|['big data']
He has a strong command over data governance principles.|{'entities': [[29, 44, 'SKILL']]}|['data governance']
Proficient in Python programming for data analysis and visualization.|{'entities': [[14, 20, 'SKILL'], [21, 32, 'SKILL'], [37, 50, 'AI-TASKS'], [55, 68, 'AI-TASKS']]}|['Python', 'programming', 'data analysis', 'visualization']
Skilled in Java development, specializing in backend systems.|{'entities': [[11, 15, 'SKILL']]}|['Java']
Strong expertise in SQL database management and optimization.|{'entities': [[20, 23, 'SKILL'], [24, 32, 'SKILL'], [48, 60, 'AI-TASKS']]}|['SQL', 'database', 'optimization']
Experienced with Agile methodologies and Scrum framework.|{'entities': [[17, 22, 'SKILL'], [41, 56, 'SKILL']]}|['Agile', 'Scrum framework']
Competent in using MATLAB for statistical modeling.|{'entities': [[19, 25, 'SKILL'], [42, 50, 'AI-TASKS']]}|['MATLAB', 'modeling']
Well-versed in web development using HTML, CSS, and JavaScript.|{'entities': [[15, 30, 'SKILL'], [37, 41, 'SKILL'], [43, 46, 'SKILL'], [52, 62, 'SKILL']]}|['web development', 'HTML', 'CSS', 'JavaScript']
Proficiency in machine learning algorithms with TensorFlow.|{'entities': [[15, 31, 'AI-TASKS'], [32, 42, 'AI-TASKS'], [48, 58, 'SKILL']]}|['machine learning', 'algorithms', 'TensorFlow']
Experienced in conducting market research and data analysis.|{'entities': [[26, 41, 'SKILL'], [46, 59, 'AI-TASKS']]}|['market research', 'data analysis']
Skilled in UX/UI design for intuitive user experiences.|{'entities': [[11, 16, 'SKILL']]}|['UX/UI']
Proven expertise in project management and team leadership.|{'entities': [[20, 38, 'SKILL']]}|['project management']
Familiarity with cloud computing platforms like AWS and Azure.|{'entities': [[17, 32, 'SKILL'], [48, 51, 'SKILL'], [56, 61, 'SKILL']]}|['cloud computing', 'AWS', 'Azure']
Proficient in C++ programming for system-level development.|{'entities': [[14, 17, 'SKILL'], [18, 29, 'SKILL']]}|['C++', 'programming']
Experienced in implementing RESTful APIs for seamless integrations.|{'entities': [[28, 40, 'SKILL']]}|['RESTful APIs']
Skilled in software testing and quality assurance methodologies.|{'entities': [[11, 27, 'SKILL']]}|['software testing']
Well-versed in version control using Git and SVN.|{'entities': [[37, 40, 'SKILL'], [45, 48, 'SKILL']]}|['Git', 'SVN']
Competent in mobile app development for iOS and Android platforms.|{'entities': [[48, 55, 'SKILL']]}|['Android']
Expertise in natural language processing with NLTK and spaCy.|{'entities': [[13, 40, 'AI-TASKS'], [46, 50, 'SKILL'], [55, 60, 'SKILL']]}|['natural language processing', 'NLTK', 'spaCy']
Skilled in data warehousing and ETL processes.|{'entities': [[11, 27, 'SKILL'], [32, 35, 'SKILL']]}|['data warehousing', 'ETL']
Proficient in Linux system administration and shell scripting.|{'entities': [[14, 19, 'SKILL'], [46, 51, 'AI-TASKS']]}|['Linux', 'shell']
Experienced in troubleshooting network infrastructure issues.|{'entities': [[31, 38, 'SKILL']]}|['network']
Strong analytical skills with a focus on data-driven decision-making.|{'entities': [[41, 68, 'SKILL']]}|['data-driven decision-making']
Proficiency in graphic design using Adobe Creative Suite.|{'entities': [[15, 29, 'SKILL'], [36, 56, 'SKILL']]}|['graphic design', 'Adobe Creative Suite']
Skilled in project planning and resource allocation.|{'entities': [[11, 27, 'SKILL']]}|['project planning']
Experience with customer relationship management (CRM) software.|{'entities': [[50, 53, 'SKILL']]}|['CRM']
Expertise in cybersecurity and threat detection measures.|{'entities': [[13, 26, 'SKILL'], [31, 56, 'SKILL']]}|['cybersecurity', 'threat detection measures']
Familiarity with data mining techniques and tools.|{'entities': [[17, 28, 'AI-TASKS']]}|['data mining']
Proficient in Microsoft Office suite for business operations.|{'entities': [[14, 30, 'SKILL'], [50, 60, 'SKILL']]}|['Microsoft Office', 'operations']
Skilled in social media marketing and analytics.|{'entities': [[11, 33, 'SKILL']]}|['social media marketing']
Well-versed in risk assessment and mitigation strategies.|{'entities': [[15, 45, 'SKILL']]}|['risk assessment and mitigation']
Experience in backend development with Node.js and Express.js.|{'entities': [[39, 46, 'SKILL'], [51, 61, 'SKILL']]}|['Node.js', 'Express.js']
Deep Learning is a domain with a lot of elements.|{'entities': [[0, 13, 'AI-TASKS']]}|['Deep Learning']
